phone;price;link
Apple iPhone 13 Pro Max 128GB Gold;78 900;https://iphoriya.ru/product/apple-iphone-13-pro-max-128gb-gold
Apple iPhone 13 Pro Max 128GB Graphite;78 900;https://iphoriya.ru/product/apple-iphone-13-pro-max-128gb-graphite
Apple iPhone 13 Pro Max 128GB Sierra Blue;78 900;https://iphoriya.ru/product/apple-iphone-13-pro-max-128gb-sierra-blue
Apple iPhone 13 Pro Max 128GB Silver;78 900;https://iphoriya.ru/product/apple-iphone-13-pro-max-128gb-silver
Apple iPhone 13 Pro Max 128GB Alpine Green;78 900;https://iphoriya.ru/product/apple-iphone-13-pro-max-128gb-alpine-green
Apple iPhone 13 Pro Max 256GB Gold;88 900;https://iphoriya.ru/product/apple-iphone-13-pro-max-256gb-gold
Apple iPhone 13 Pro Max 256GB Graphite;88 900;https://iphoriya.ru/product/apple-iphone-13-pro-max-256gb-graphite
Apple iPhone 13 Pro Max 256GB Sierra Blue;88 900;https://iphoriya.ru/product/apple-iphone-13-pro-max-256gb-sierra-blue
Apple iPhone 13 Pro Max 256GB Silver;88 900;https://iphoriya.ru/product/apple-iphone-13-pro-max-256gb-silver
Apple iPhone 13 Pro Max 256GB Alpine Green;88 900;https://iphoriya.ru/product/apple-iphone-13-pro-max-256gb-alpine-green
Apple iPhone 13 Pro Max 512GB Gold;118 900;https://iphoriya.ru/product/apple-iphone-13-pro-max-512gb-gold
Apple iPhone 13 Pro Max 512GB Graphite;118 900;https://iphoriya.ru/product/apple-iphone-13-pro-max-512gb-graphite
Apple iPhone 13 Pro Max 512GB Sierra Blue;118 900;https://iphoriya.ru/product/apple-iphone-13-pro-max-512gb-sierra-blue
Apple iPhone 13 Pro Max 512GB Silver;118 900;https://iphoriya.ru/product/apple-iphone-13-pro-max-512gb-silver
Apple iPhone 13 Pro Max 512GB Alpine Green;118 900;https://iphoriya.ru/product/apple-iphone-13-pro-max-512gb-alpine-green
Apple iPhone 13 Pro Max 1TB Gold;130 900;https://iphoriya.ru/product/apple-iphone-13-pro-max-1tb-gold
Apple iPhone 13 Pro Max 1TB Graphite;130 900;https://iphoriya.ru/product/apple-iphone-13-pro-max-1tb-graphite
Apple iPhone 13 Pro Max 1TB Sierra Blue;130 900;https://iphoriya.ru/product/apple-iphone-13-pro-max-1tb-sierra-blue
Apple iPhone 13 Pro Max 1TB Silver;130 900;https://iphoriya.ru/product/apple-iphone-13-pro-max-1tb-silver
Apple iPhone 13 Pro Max 1TB Alpine Green;130 900;https://iphoriya.ru/product/apple-iphone-13-pro-max-1tb-alpine-green
